http://mizzimaburmese.com/article/53427,ASEAN Youth Conference 2018 တွင်  မြန်မာနိုင်ငံမှ တက်ရောက်
http://mizzimaburmese.com/news/50710,နှမ်းရောင်းရာတွင် ခဲများပါဝင်နေမှုကြောင့် တောင်...
http://mizzimaburmese.com/news/50703,ရေကြည်မြို့နယ်တွင် နိုင်ငံသားစိစစ်ရေးကတ်ပြုလုပ်ရာ...
http://mizzimaburmese.com/news/50702, ၆၆ (ဃ)ဖြင့် အမှုဖွင့်ခံထားရသော ဆရာတော်အား...
http://mizzimaburmese.com/news/50696, အောင်ရဲထွေးအမှုတွင် လာဘ်စားခဲ့သော တိုင်းဥပဒေချုပ...
http://mizzimaburmese.com/news/50687, မင်းပြားမြို့နယ်တွင် လည်ပင်းကြီး(လည်စေ့နာ) ရောဂါ...
http://mizzimaburmese.com/news/50685,သထုံတွင် ကျပ်တစ်သောင်းတန်ငွေစက္ကူအတု အရွက် တစ်...
http://mizzimaburmese.com/news/50680, အောင်ရဲထွေးသေဆုံးမှုတွင် လာဘ်စားခဲ့သော တိုင်...
http://mizzimaburmese.com/news/50662,သပြေကုန်းအဝိုင်းရှိ ဗိုလ်ချုပ်မြင်းစီးကြေးရုပ်...
http://mizzimaburmese.com/news/50661, အကြီးစားစက်ပစ္စည်းကိရိယာများ ငှားရမ်းမှုကို Yoma...
http://mizzimaburmese.com/news/50648, ၁၉၈၂ ခုနှစ်နိုင်ငံသားဖြစ်မှုဥပဒေသည် ဘင်္ဂါလီများ...
http://mizzimaburmese.com/news/50634,အစိုးရ၏လုပ်ဆောင်ချက်များ စမ်းတဝါးဝါးဖြစ်နေဟု တ.စ....
http://mizzimaburmese.com/news/50632,အောင်ရဲထွေးသေဆုံးမှု စွပ်စွဲခံရသူ ၃ ဦးကို ပြန်စစ်...
http://mizzimaburmese.com/article/53427,ASEAN Youth Conference 2018 တွင်  မြန်မာနိုင်ငံမှ တက်ရောက်
http://mizzimaburmese.com/article/53424, လှိုင်သာယာတည်းခိုခန်းအတွင်းမှ မူးယစ်ဆေးဝါး ဖြန့်...
http://mizzimaburmese.com/article/53423,  အပစ်ရပ်ကြေညာပြီး ၃ရက်အကြာတွင် တပ်မတော်နှင့်...
http://mizzimaburmese.com/article/53422,ထီတစ်စောင်လျှင် ကျပ် သုံးထောင်ဖြင့် ရောင်းချ...
http://mizzimaburmese.com/article/53420, ရန်ကုန်တိရစ္ဆာန်ဥယျာဉ်ဝင်းအတွင်း ပြန်ဆောက်မည့်...
http://mizzimaburmese.com/article/53419,ကြိမ်၊ ၀ါး၊ စဉ့် ဖြင့် ပြုလုပ်နိုင်သည့် လက်မှ...
http://mizzimaburmese.com/article/53418, လူမနေသည့်ကျူးတဲအတွင်းမှ မူးယစ်ဆေးသုံး ပစ္စည်းမျ...
http://mizzimaburmese.com/article/53415, ခရီးသည်များရှိပါက ညပိုင်းပြေးဆွဲသည့် YBS ဘတ်စ်...
http://mizzimaburmese.com/article/53413,ရိုက်တာသတင်းသမားနှစ်ဦး ပြန်လည်လွတ်မြောက်ရန်...
http://mizzimaburmese.com/article/53410, ဒလတံတားစီမံကိန်းကို  နိုင်ငံတော်အတိုင်ပင်...
http://mizzimaburmese.com/article/53408,မကွေးတိုင်းကို မြန်မာနိုင်ငံ၏ ဆီအိုးကြီးဟု ပြည်...
http://mizzimaburmese.com/article/53405,ခရီးသည်တင်စပိဘုတ် တိမ်းမှောက်ရာတွင် အမျိုးသမီး၂...
http://mizzimaburmese.com/article/53401,ဟားခါးတွင် ခရီးသည်တင်ယာဉ် ချောက်ထဲကျပြီး ၅...
http://mizzimaburmese.com/article/53427,ASEAN Youth Conference 2018 တွင်  မြန်မာနိုင်ငံမှ တက်ရောက်
http://mizzimaburmese.com/article/53424, လှိုင်သာယာတည်းခိုခန်းအတွင်းမှ မူးယစ်ဆေးဝါး ဖြန့်...
http://mizzimaburmese.com/article/53423,  အပစ်ရပ်ကြေညာပြီး ၃ရက်အကြာတွင် တပ်မတော်နှင့်...
http://mizzimaburmese.com/article/53422,ထီတစ်စောင်လျှင် ကျပ် သုံးထောင်ဖြင့် ရောင်းချ...
http://mizzimaburmese.com/article/53420, ရန်ကုန်တိရစ္ဆာန်ဥယျာဉ်ဝင်းအတွင်း ပြန်ဆောက်မည့်...
http://mizzimaburmese.com/article/53419,ကြိမ်၊ ၀ါး၊ စဉ့် ဖြင့် ပြုလုပ်နိုင်သည့် လက်မှ...
http://mizzimaburmese.com/article/53418, လူမနေသည့်ကျူးတဲအတွင်းမှ မူးယစ်ဆေးသုံး ပစ္စည်းမျ...
http://mizzimaburmese.com/article/53415, ခရီးသည်များရှိပါက ညပိုင်းပြေးဆွဲသည့် YBS ဘတ်စ်...
http://mizzimaburmese.com/article/53413,ရိုက်တာသတင်းသမားနှစ်ဦး ပြန်လည်လွတ်မြောက်ရန်...
http://mizzimaburmese.com/article/53410, ဒလတံတားစီမံကိန်းကို  နိုင်ငံတော်အတိုင်ပင်...
http://mizzimaburmese.com/article/53408,မကွေးတိုင်းကို မြန်မာနိုင်ငံ၏ ဆီအိုးကြီးဟု ပြည်...
http://mizzimaburmese.com/article/53405,ခရီးသည်တင်စပိဘုတ် တိမ်းမှောက်ရာတွင် အမျိုးသမီး၂...
http://mizzimaburmese.com/article/53401,ဟားခါးတွင် ခရီးသည်တင်ယာဉ် ချောက်ထဲကျပြီး ၅...
http://mizzimaburmese.com/article/53384,ဘာသာပြန်မူပိုင်ခွင့်ရရှိခဲ့သည့် ဦးနု၏မိတ္တဗလဋီကာစာအုပ် နှစ် ၈၀ ပြည့်ပွဲပြုလုပ်
http://mizzimaburmese.com/article/53352,ငြိမ်းချမ်းရေးဆွေးနွေးနိုင်ရန် စစ်ဆင်ရေးမျ...
http://mizzimaburmese.com/article/53351,စည်ပင်သာယာရေးကဏ္ဍ၏ အားနည်းချက်များအပေါ် အရပ်ဘက်အဖ...
http://mizzimaburmese.com/article/53340,မိုးမိတ်တွင် ကျပ်သိန်း ၁၃ဝဝ ကျော်တန်ဖိုးရှိ မူးယစ...
http://mizzimaburmese.com/article/53341,လုံခြုံရေးကဏ္ဍအတွက် ဆွေးနွေးရာတွင်  အများပြည်သူမျ...
http://mizzimaburmese.com/article/53338,ဒိုက်ဦးငွေတုအမှုမှ နှစ် ၂ဝ အထိထောင်ချနိုင်သည့်...
http://mizzimaburmese.com/article/53337,အမျိုးသား ၂၁ ဦးအား ထိုင်းသို့ တရားမဝင်ပို့ဆောင်ရန...
http://mizzimaburmese.com/article/53334,ရွှေပြည်သာတွင် နှစ်လုံးထီ လောင်းကစားသူ အမျ...
http://mizzimaburmese.com/article/53333,YBS ယာဉ်လိုင်း ၄ လိုင်း ညလုံးပေါက်ပြေးဆွဲပေးနေ
http://mizzimaburmese.com/article/53332,လှိုင်သာယာရှိ စက်ရုံအချို့မှ အလုပ်သမားများ အလုပ်ရ...
http://mizzimaburmese.com/article/53328,ရခိုင်ပြည်နယ်အတွင်း တိုက်ပွဲများတွင် ရဟတ်ယာဉ်...
http://mizzimaburmese.com/article/53329,ဒေသဖွံ့ဖြိုးရေးအတွက် ပူးပေါင်းဆောင်ရွက်ရန် စစ်...
http://mizzimaburmese.com/article/53327,ကြက်တိုက်လောင်းကစားပြုလုပ်သူ  ၇ ဦးကို ဖမ်းဆီး
http://mizzimaburmese.com/article/53427,ASEAN Youth Conference 2018 တွင်  မြန်မာနိုင်ငံမှ တက်ရောက်
http://mizzimaburmese.com/article/53424, လှိုင်သာယာတည်းခိုခန်းအတွင်းမှ မူးယစ်ဆေးဝါး ဖြန့်...
http://mizzimaburmese.com/article/53423,  အပစ်ရပ်ကြေညာပြီး ၃ရက်အကြာတွင် တပ်မတော်နှင့်...
http://mizzimaburmese.com/article/53422,ထီတစ်စောင်လျှင် ကျပ် သုံးထောင်ဖြင့် ရောင်းချ...
http://mizzimaburmese.com/article/53420, ရန်ကုန်တိရစ္ဆာန်ဥယျာဉ်ဝင်းအတွင်း ပြန်ဆောက်မည့်...
http://mizzimaburmese.com/article/53419,ကြိမ်၊ ၀ါး၊ စဉ့် ဖြင့် ပြုလုပ်နိုင်သည့် လက်မှ...
http://mizzimaburmese.com/article/53418, လူမနေသည့်ကျူးတဲအတွင်းမှ မူးယစ်ဆေးသုံး ပစ္စည်းမျ...
http://mizzimaburmese.com/article/53415, ခရီးသည်များရှိပါက ညပိုင်းပြေးဆွဲသည့် YBS ဘတ်စ်...
http://mizzimaburmese.com/article/53413,ရိုက်တာသတင်းသမားနှစ်ဦး ပြန်လည်လွတ်မြောက်ရန်...
http://mizzimaburmese.com/article/53410, ဒလတံတားစီမံကိန်းကို  နိုင်ငံတော်အတိုင်ပင်...
http://mizzimaburmese.com/article/53408,မကွေးတိုင်းကို မြန်မာနိုင်ငံ၏ ဆီအိုးကြီးဟု ပြည်...
http://mizzimaburmese.com/article/53405,ခရီးသည်တင်စပိဘုတ် တိမ်းမှောက်ရာတွင် အမျိုးသမီး၂...
http://mizzimaburmese.com/article/53401,ဟားခါးတွင် ခရီးသည်တင်ယာဉ် ချောက်ထဲကျပြီး ၅...
http://mizzimaburmese.com/article/53384,ဘာသာပြန်မူပိုင်ခွင့်ရရှိခဲ့သည့် ဦးနု၏မိတ္တဗလဋီကာစာအုပ် နှစ် ၈၀ ပြည့်ပွဲပြုလုပ်
http://mizzimaburmese.com/article/53352,ငြိမ်းချမ်းရေးဆွေးနွေးနိုင်ရန် စစ်ဆင်ရေးမျ...
http://mizzimaburmese.com/article/53351,စည်ပင်သာယာရေးကဏ္ဍ၏ အားနည်းချက်များအပေါ် အရပ်ဘက်အဖ...
http://mizzimaburmese.com/article/53340,မိုးမိတ်တွင် ကျပ်သိန်း ၁၃ဝဝ ကျော်တန်ဖိုးရှိ မူးယစ...
http://mizzimaburmese.com/article/53341,လုံခြုံရေးကဏ္ဍအတွက် ဆွေးနွေးရာတွင်  အများပြည်သူမျ...
http://mizzimaburmese.com/article/53338,ဒိုက်ဦးငွေတုအမှုမှ နှစ် ၂ဝ အထိထောင်ချနိုင်သည့်...
http://mizzimaburmese.com/article/53337,အမျိုးသား ၂၁ ဦးအား ထိုင်းသို့ တရားမဝင်ပို့ဆောင်ရန...
http://mizzimaburmese.com/article/53334,ရွှေပြည်သာတွင် နှစ်လုံးထီ လောင်းကစားသူ အမျ...
http://mizzimaburmese.com/article/53333,YBS ယာဉ်လိုင်း ၄ လိုင်း ညလုံးပေါက်ပြေးဆွဲပေးနေ
http://mizzimaburmese.com/article/53332,လှိုင်သာယာရှိ စက်ရုံအချို့မှ အလုပ်သမားများ အလုပ်ရ...
http://mizzimaburmese.com/article/53328,ရခိုင်ပြည်နယ်အတွင်း တိုက်ပွဲများတွင် ရဟတ်ယာဉ်...
http://mizzimaburmese.com/article/53329,ဒေသဖွံ့ဖြိုးရေးအတွက် ပူးပေါင်းဆောင်ရွက်ရန် စစ်...
http://mizzimaburmese.com/article/53327,ကြက်တိုက်လောင်းကစားပြုလုပ်သူ  ၇ ဦးကို ဖမ်းဆီး
http://mizzimaburmese.com/article/53384,ဘာသာပြန်မူပိုင်ခွင့်ရရှိခဲ့သည့် ဦးနု၏မိတ္တဗလဋီကာစာအုပ် နှစ် ၈၀ ပြည့်ပွဲပြုလုပ်
http://mizzimaburmese.com/article/53324,ဗိုလ်အောင်ကျော်လမ်းနှင့် အ.ထ.က (၁) ပုဇွန်တောင်...
http://mizzimaburmese.com/article/53322,ငဖဲမြို့နယ်တွင် ဆေးခြောက်များဖမ်းမိ
http://mizzimaburmese.com/article/53315,ဖယောင်းတိုင်မီးမှတဆင့် လူနေအိမ် ၃ လုံး မီးလောင်မှ...
http://mizzimaburmese.com/article/53311,မြိတ်ဘဏ်ခွဲတစ်ခု၌ ငွေလာလွှဲသူတစ်ဦးတွင် တစ်သောင်...
http://mizzimaburmese.com/article/53310,တရားမဝင်မြန်မာအလုပ်သမား ၁၀၀ နီးပါးကို ထိုင်းဘက်မ...
http://mizzimaburmese.com/article/53305,ဖွံ့ဖြိုးမှုနဲ့ နိုင်ငံရေး အပြောင်းအလဲတွေကြောင့်...
http://mizzimaburmese.com/article/53303,မြန်မာမိန်းကလေးတစ်ဦးအား တရုတ်ဇနီးမယားအဖြစ် ရောင်...
http://mizzimaburmese.com/article/53301,ကျိုက်ထီးရိုးတောင်ပေါ်ရှိ ဆိုင်ခန်းများကို...
http://mizzimaburmese.com/article/53297,ကျောင်းသားနှစ်ဦး ပျောက်ဆုံးနေမှု သတင်းအစအန မသိရသေး
http://mizzimaburmese.com/article/53296,နိုင်ငံအတွင်း မြေမြှုပ်မိုင်းကြောင့် ထိခိုက်...
http://mizzimaburmese.com/article/53298,ချောင်းများအတွင်း ကျောက်စရစ်ထုတ်လုပ်ခွင့်ပြုရန် လ...
http://mizzimaburmese.com/article/53295,တိုင်းဒေသကြီးနှင့် ပြည်နယ်လွှတ်တော်ဆိုင်ရာဥပဒေမျ...
http://mizzimaburmese.com/article/53427,ASEAN Youth Conference 2018 တွင်  မြန်မာနိုင်ငံမှ တက်ရောက်
http://mizzimaburmese.com/article/53424, လှိုင်သာယာတည်းခိုခန်းအတွင်းမှ မူးယစ်ဆေးဝါး ဖြန့်...
http://mizzimaburmese.com/article/53423,  အပစ်ရပ်ကြေညာပြီး ၃ရက်အကြာတွင် တပ်မတော်နှင့်...
http://mizzimaburmese.com/article/53422,ထီတစ်စောင်လျှင် ကျပ် သုံးထောင်ဖြင့် ရောင်းချ...
http://mizzimaburmese.com/article/53420, ရန်ကုန်တိရစ္ဆာန်ဥယျာဉ်ဝင်းအတွင်း ပြန်ဆောက်မည့်...
http://mizzimaburmese.com/article/53419,ကြိမ်၊ ၀ါး၊ စဉ့် ဖြင့် ပြုလုပ်နိုင်သည့် လက်မှ...
http://mizzimaburmese.com/article/53418, လူမနေသည့်ကျူးတဲအတွင်းမှ မူးယစ်ဆေးသုံး ပစ္စည်းမျ...
http://mizzimaburmese.com/article/53415, ခရီးသည်များရှိပါက ညပိုင်းပြေးဆွဲသည့် YBS ဘတ်စ်...
http://mizzimaburmese.com/article/53413,ရိုက်တာသတင်းသမားနှစ်ဦး ပြန်လည်လွတ်မြောက်ရန်...
http://mizzimaburmese.com/article/53410, ဒလတံတားစီမံကိန်းကို  နိုင်ငံတော်အတိုင်ပင်...
http://mizzimaburmese.com/article/53408,မကွေးတိုင်းကို မြန်မာနိုင်ငံ၏ ဆီအိုးကြီးဟု ပြည်...
http://mizzimaburmese.com/article/53405,ခရီးသည်တင်စပိဘုတ် တိမ်းမှောက်ရာတွင် အမျိုးသမီး၂...
http://mizzimaburmese.com/article/53401,ဟားခါးတွင် ခရီးသည်တင်ယာဉ် ချောက်ထဲကျပြီး ၅...
http://mizzimaburmese.com/article/53427,ASEAN Youth Conference 2018 တွင်  မြန်မာနိုင်ငံမှ တက်ရောက်
http://mizzimaburmese.com/article/53424, လှိုင်သာယာတည်းခိုခန်းအတွင်းမှ မူးယစ်ဆေးဝါး ဖြန့်...
http://mizzimaburmese.com/article/53423,  အပစ်ရပ်ကြေညာပြီး ၃ရက်အကြာတွင် တပ်မတော်နှင့်...
http://mizzimaburmese.com/article/53422,ထီတစ်စောင်လျှင် ကျပ် သုံးထောင်ဖြင့် ရောင်းချ...
http://mizzimaburmese.com/article/53420, ရန်ကုန်တိရစ္ဆာန်ဥယျာဉ်ဝင်းအတွင်း ပြန်ဆောက်မည့်...
http://mizzimaburmese.com/article/53419,ကြိမ်၊ ၀ါး၊ စဉ့် ဖြင့် ပြုလုပ်နိုင်သည့် လက်မှ...
http://mizzimaburmese.com/article/53418, လူမနေသည့်ကျူးတဲအတွင်းမှ မူးယစ်ဆေးသုံး ပစ္စည်းမျ...
http://mizzimaburmese.com/article/53415, ခရီးသည်များရှိပါက ညပိုင်းပြေးဆွဲသည့် YBS ဘတ်စ်...
http://mizzimaburmese.com/article/53413,ရိုက်တာသတင်းသမားနှစ်ဦး ပြန်လည်လွတ်မြောက်ရန်...
http://mizzimaburmese.com/article/53410, ဒလတံတားစီမံကိန်းကို  နိုင်ငံတော်အတိုင်ပင်...
http://mizzimaburmese.com/article/53408,မကွေးတိုင်းကို မြန်မာနိုင်ငံ၏ ဆီအိုးကြီးဟု ပြည်...
http://mizzimaburmese.com/article/53405,ခရီးသည်တင်စပိဘုတ် တိမ်းမှောက်ရာတွင် အမျိုးသမီး၂...
http://mizzimaburmese.com/article/53401,ဟားခါးတွင် ခရီးသည်တင်ယာဉ် ချောက်ထဲကျပြီး ၅...
http://mizzimaburmese.com/article/53384,ဘာသာပြန်မူပိုင်ခွင့်ရရှိခဲ့သည့် ဦးနု၏မိတ္တဗလဋီကာစာအုပ် နှစ် ၈၀ ပြည့်ပွဲပြုလုပ်
http://mizzimaburmese.com/article/53352,ငြိမ်းချမ်းရေးဆွေးနွေးနိုင်ရန် စစ်ဆင်ရေးမျ...
http://mizzimaburmese.com/article/53351,စည်ပင်သာယာရေးကဏ္ဍ၏ အားနည်းချက်များအပေါ် အရပ်ဘက်အဖ...
http://mizzimaburmese.com/article/53340,မိုးမိတ်တွင် ကျပ်သိန်း ၁၃ဝဝ ကျော်တန်ဖိုးရှိ မူးယစ...
http://mizzimaburmese.com/article/53341,လုံခြုံရေးကဏ္ဍအတွက် ဆွေးနွေးရာတွင်  အများပြည်သူမျ...
http://mizzimaburmese.com/article/53338,ဒိုက်ဦးငွေတုအမှုမှ နှစ် ၂ဝ အထိထောင်ချနိုင်သည့်...
http://mizzimaburmese.com/article/53337,အမျိုးသား ၂၁ ဦးအား ထိုင်းသို့ တရားမဝင်ပို့ဆောင်ရန...
http://mizzimaburmese.com/article/53334,ရွှေပြည်သာတွင် နှစ်လုံးထီ လောင်းကစားသူ အမျ...
http://mizzimaburmese.com/article/53333,YBS ယာဉ်လိုင်း ၄ လိုင်း ညလုံးပေါက်ပြေးဆွဲပေးနေ
http://mizzimaburmese.com/article/53332,လှိုင်သာယာရှိ စက်ရုံအချို့မှ အလုပ်သမားများ အလုပ်ရ...
http://mizzimaburmese.com/article/53328,ရခိုင်ပြည်နယ်အတွင်း တိုက်ပွဲများတွင် ရဟတ်ယာဉ်...
http://mizzimaburmese.com/article/53329,ဒေသဖွံ့ဖြိုးရေးအတွက် ပူးပေါင်းဆောင်ရွက်ရန် စစ်...
http://mizzimaburmese.com/article/53327,ကြက်တိုက်လောင်းကစားပြုလုပ်သူ  ၇ ဦးကို ဖမ်းဆီး
http://mizzimaburmese.com/article/53427,ASEAN Youth Conference 2018 တွင်  မြန်မာနိုင်ငံမှ တက်ရောက်
http://mizzimaburmese.com/article/53424, လှိုင်သာယာတည်းခိုခန်းအတွင်းမှ မူးယစ်ဆေးဝါး ဖြန့်...
http://mizzimaburmese.com/article/53423,  အပစ်ရပ်ကြေညာပြီး ၃ရက်အကြာတွင် တပ်မတော်နှင့်...
http://mizzimaburmese.com/article/53422,ထီတစ်စောင်လျှင် ကျပ် သုံးထောင်ဖြင့် ရောင်းချ...
http://mizzimaburmese.com/article/53420, ရန်ကုန်တိရစ္ဆာန်ဥယျာဉ်ဝင်းအတွင်း ပြန်ဆောက်မည့်...
http://mizzimaburmese.com/article/53419,ကြိမ်၊ ၀ါး၊ စဉ့် ဖြင့် ပြုလုပ်နိုင်သည့် လက်မှ...
http://mizzimaburmese.com/article/53418, လူမနေသည့်ကျူးတဲအတွင်းမှ မူးယစ်ဆေးသုံး ပစ္စည်းမျ...
http://mizzimaburmese.com/article/53415, ခရီးသည်များရှိပါက ညပိုင်းပြေးဆွဲသည့် YBS ဘတ်စ်...
http://mizzimaburmese.com/article/53413,ရိုက်တာသတင်းသမားနှစ်ဦး ပြန်လည်လွတ်မြောက်ရန်...
http://mizzimaburmese.com/article/53410, ဒလတံတားစီမံကိန်းကို  နိုင်ငံတော်အတိုင်ပင်...
http://mizzimaburmese.com/article/53408,မကွေးတိုင်းကို မြန်မာနိုင်ငံ၏ ဆီအိုးကြီးဟု ပြည်...
http://mizzimaburmese.com/article/53405,ခရီးသည်တင်စပိဘုတ် တိမ်းမှောက်ရာတွင် အမျိုးသမီး၂...
http://mizzimaburmese.com/article/53401,ဟားခါးတွင် ခရီးသည်တင်ယာဉ် ချောက်ထဲကျပြီး ၅...
http://mizzimaburmese.com/article/53384,ဘာသာပြန်မူပိုင်ခွင့်ရရှိခဲ့သည့် ဦးနု၏မိတ္တဗလဋီကာစာအုပ် နှစ် ၈၀ ပြည့်ပွဲပြုလုပ်
http://mizzimaburmese.com/article/53352,ငြိမ်းချမ်းရေးဆွေးနွေးနိုင်ရန် စစ်ဆင်ရေးမျ...
http://mizzimaburmese.com/article/53351,စည်ပင်သာယာရေးကဏ္ဍ၏ အားနည်းချက်များအပေါ် အရပ်ဘက်အဖ...
http://mizzimaburmese.com/article/53340,မိုးမိတ်တွင် ကျပ်သိန်း ၁၃ဝဝ ကျော်တန်ဖိုးရှိ မူးယစ...
http://mizzimaburmese.com/article/53341,လုံခြုံရေးကဏ္ဍအတွက် ဆွေးနွေးရာတွင်  အများပြည်သူမျ...
http://mizzimaburmese.com/article/53338,ဒိုက်ဦးငွေတုအမှုမှ နှစ် ၂ဝ အထိထောင်ချနိုင်သည့်...
http://mizzimaburmese.com/article/53337,အမျိုးသား ၂၁ ဦးအား ထိုင်းသို့ တရားမဝင်ပို့ဆောင်ရန...
http://mizzimaburmese.com/article/53334,ရွှေပြည်သာတွင် နှစ်လုံးထီ လောင်းကစားသူ အမျ...
http://mizzimaburmese.com/article/53333,YBS ယာဉ်လိုင်း ၄ လိုင်း ညလုံးပေါက်ပြေးဆွဲပေးနေ
http://mizzimaburmese.com/article/53332,လှိုင်သာယာရှိ စက်ရုံအချို့မှ အလုပ်သမားများ အလုပ်ရ...
http://mizzimaburmese.com/article/53328,ရခိုင်ပြည်နယ်အတွင်း တိုက်ပွဲများတွင် ရဟတ်ယာဉ်...
http://mizzimaburmese.com/article/53329,ဒေသဖွံ့ဖြိုးရေးအတွက် ပူးပေါင်းဆောင်ရွက်ရန် စစ်...
http://mizzimaburmese.com/article/53327,ကြက်တိုက်လောင်းကစားပြုလုပ်သူ  ၇ ဦးကို ဖမ်းဆီး
http://mizzimaburmese.com/article/53384,ဘာသာပြန်မူပိုင်ခွင့်ရရှိခဲ့သည့် ဦးနု၏မိတ္တဗလဋီကာစာအုပ် နှစ် ၈၀ ပြည့်ပွဲပြုလုပ်
http://mizzimaburmese.com/article/53324,ဗိုလ်အောင်ကျော်လမ်းနှင့် အ.ထ.က (၁) ပုဇွန်တောင်...
http://mizzimaburmese.com/article/53322,ငဖဲမြို့နယ်တွင် ဆေးခြောက်များဖမ်းမိ
http://mizzimaburmese.com/article/53315,ဖယောင်းတိုင်မီးမှတဆင့် လူနေအိမ် ၃ လုံး မီးလောင်မှ...
http://mizzimaburmese.com/article/53311,မြိတ်ဘဏ်ခွဲတစ်ခု၌ ငွေလာလွှဲသူတစ်ဦးတွင် တစ်သောင်...
http://mizzimaburmese.com/article/53310,တရားမဝင်မြန်မာအလုပ်သမား ၁၀၀ နီးပါးကို ထိုင်းဘက်မ...
http://mizzimaburmese.com/article/53305,ဖွံ့ဖြိုးမှုနဲ့ နိုင်ငံရေး အပြောင်းအလဲတွေကြောင့်...
http://mizzimaburmese.com/article/53303,မြန်မာမိန်းကလေးတစ်ဦးအား တရုတ်ဇနီးမယားအဖြစ် ရောင်...
http://mizzimaburmese.com/article/53301,ကျိုက်ထီးရိုးတောင်ပေါ်ရှိ ဆိုင်ခန်းများကို...
http://mizzimaburmese.com/article/53297,ကျောင်းသားနှစ်ဦး ပျောက်ဆုံးနေမှု သတင်းအစအန မသိရသေး
http://mizzimaburmese.com/article/53296,နိုင်ငံအတွင်း မြေမြှုပ်မိုင်းကြောင့် ထိခိုက်...
http://mizzimaburmese.com/article/53298,ချောင်းများအတွင်း ကျောက်စရစ်ထုတ်လုပ်ခွင့်ပြုရန် လ...
http://mizzimaburmese.com/article/53295,တိုင်းဒေသကြီးနှင့် ပြည်နယ်လွှတ်တော်ဆိုင်ရာဥပဒေမျ...
